kernel,ddp,gpus,epochs,steps_per_epoch,global_batch_size,local_batch_size,samples_per_epoch,wall_sec,sec_per_epoch,tokens_per_sec,peak_gpu_mb,error
scaled_dot_prod_attention,Local No DDP,0,3,51,8,0,0,0,0,0,0,"CUDA out of memory. Tried to allocate 1.54 GiB. GPU 0 has a total capacity of 23.56 GiB of which 887.06 MiB is free. Including non-PyTorch memory, this process has 22.68 GiB memory in use. Of the allocated memory 22.08 GiB is allocated by PyTorch, and 314.11 MiB is reserved by PyTorch but unallocated. If reserved but unallocated memory is large try setting PYTORCH_CUDA_ALLOC_CONF=expandable_segments:True to avoid fragmentation.  See documentation for Memory Management  (https://pytorch.org/docs/stable/notes/cuda.html#environment-variables)"
scaled_dot_prod_attention,Naive DDP,0,3,51,8,0,0,0,0,0,0,"

-- Process 0 terminated with the following error:
Traceback (most recent call last):
  File ""/root/project/.venv/lib/python3.12/site-packages/torch/multiprocessing/spawn.py"", line 90, in _wrap
    fn(i, *args)
  File ""/root/project/cs336_systems/experiments/benchmark_lm_matrix.py"", line 248, in _ddp_worker
    pred = model(x)
           ^^^^^^^^
  File ""/root/project/.venv/lib/python3.12/site-packages/torch/nn/modules/module.py"", line 1739, in _wrapped_call_impl
    return self._call_impl(*args, **kwargs)
           ^^^^^^^^^^^^^^^^^^^^^^^^^^^^^^^^
  File ""/root/project/.venv/lib/python3.12/site-packages/torch/nn/modules/module.py"", line 1750, in _call_impl
    return forward_call(*args, **kwargs)
           ^^^^^^^^^^^^^^^^^^^^^^^^^^^^^
  File ""/root/project/cs336-basics/cs336_basics/lm.py"", line 250, in forward
    x = self.head(x)
        ^^^^^^^^^^^^
  File ""/root/project/.venv/lib/python3.12/site-packages/torch/nn/modules/module.py"", line 1739, in _wrapped_call_impl
    return self._call_impl(*args, **kwargs)
           ^^^^^^^^^^^^^^^^^^^^^^^^^^^^^^^^
  File ""/root/project/.venv/lib/python3.12/site-packages/torch/nn/modules/module.py"", line 1750, in _call_impl
    return forward_call(*args, **kwargs)
           ^^^^^^^^^^^^^^^^^^^^^^^^^^^^^
  File ""/root/project/cs336-basics/cs336_basics/transfromer/linear_module.py"", line 32, in forward
    return einsum(self.weightMat, x, ""dim_out dim_feats, ... dim_feats -> ... dim_out"")
           ^^^^^^^^^^^^^^^^^^^^^^^^^^^^^^^^^^^^^^^^^^^^^^^^^^^^^^^^^^^^^^^^^^^^^^^^^^^^
  File ""/root/project/.venv/lib/python3.12/site-packages/einops/einops.py"", line 916, in einsum
    return get_backend(tensors[0]).einsum(pattern, *tensors)
           ^^^^^^^^^^^^^^^^^^^^^^^^^^^^^^^^^^^^^^^^^^^^^^^^^
  File ""/root/project/.venv/lib/python3.12/site-packages/einops/_backends.py"", line 288, in einsum
    return self.torch.einsum(pattern, *x)
           ^^^^^^^^^^^^^^^^^^^^^^^^^^^^^^
  File ""/root/project/.venv/lib/python3.12/site-packages/torch/functional.py"", line 407, in einsum
    return _VF.einsum(equation, operands)  # type: ignore[attr-defined]
           ^^^^^^^^^^^^^^^^^^^^^^^^^^^^^^
torch.OutOfMemoryError: CUDA out of memory. Tried to allocate 1.54 GiB. GPU 0 has a total capacity of 23.56 GiB of which 443.69 MiB is free. Process 87582 has 328.00 MiB memory in use. Including non-PyTorch memory, this process has 22.79 GiB memory in use. Of the allocated memory 22.08 GiB is allocated by PyTorch, and 314.11 MiB is reserved by PyTorch but unallocated. If reserved but unallocated memory is large try setting PYTORCH_CUDA_ALLOC_CONF=expandable_segments:True to avoid fragmentation.  See documentation for Memory Management  (https://pytorch.org/docs/stable/notes/cuda.html#environment-variables)
"
scaled_dot_prod_attention,Bucketed Overlapping DDP,0,3,51,8,0,0,0,0,0,0,"

-- Process 0 terminated with the following error:
Traceback (most recent call last):
  File ""/root/project/.venv/lib/python3.12/site-packages/torch/multiprocessing/spawn.py"", line 90, in _wrap
    fn(i, *args)
  File ""/root/project/cs336_systems/experiments/benchmark_lm_matrix.py"", line 248, in _ddp_worker
    pred = model(x)
           ^^^^^^^^
  File ""/root/project/.venv/lib/python3.12/site-packages/torch/nn/modules/module.py"", line 1739, in _wrapped_call_impl
    return self._call_impl(*args, **kwargs)
           ^^^^^^^^^^^^^^^^^^^^^^^^^^^^^^^^
  File ""/root/project/.venv/lib/python3.12/site-packages/torch/nn/modules/module.py"", line 1750, in _call_impl
    return forward_call(*args, **kwargs)
           ^^^^^^^^^^^^^^^^^^^^^^^^^^^^^
  File ""/root/project/cs336_systems/Parallelization/FlashDDP/FlashDDP.py"", line 312, in forward
    return self.module(*inputs, **kwargs)
           ^^^^^^^^^^^^^^^^^^^^^^^^^^^^^^
  File ""/root/project/.venv/lib/python3.12/site-packages/torch/nn/modules/module.py"", line 1739, in _wrapped_call_impl
    return self._call_impl(*args, **kwargs)
           ^^^^^^^^^^^^^^^^^^^^^^^^^^^^^^^^
  File ""/root/project/.venv/lib/python3.12/site-packages/torch/nn/modules/module.py"", line 1750, in _call_impl
    return forward_call(*args, **kwargs)
           ^^^^^^^^^^^^^^^^^^^^^^^^^^^^^
  File ""/root/project/cs336-basics/cs336_basics/lm.py"", line 244, in forward
    x = tf_block(x, token_positions=positions)
        ^^^^^^^^^^^^^^^^^^^^^^^^^^^^^^^^^^^^^^
  File ""/root/project/.venv/lib/python3.12/site-packages/torch/nn/modules/module.py"", line 1739, in _wrapped_call_impl
    return self._call_impl(*args, **kwargs)
           ^^^^^^^^^^^^^^^^^^^^^^^^^^^^^^^^
  File ""/root/project/.venv/lib/python3.12/site-packages/torch/nn/modules/module.py"", line 1750, in _call_impl
    return forward_call(*args, **kwargs)
           ^^^^^^^^^^^^^^^^^^^^^^^^^^^^^
  File ""/.uv/python_install/cpython-3.12.0-linux-x86_64-gnu/lib/python3.12/contextlib.py"", line 81, in inner
    return func(*args, **kwds)
           ^^^^^^^^^^^^^^^^^^^
  File ""/root/project/cs336-basics/cs336_basics/transfromer/transformer.py"", line 99, in forward
    x = x + self.MHA(
            ^^^^^^^^^
  File ""/root/project/.venv/lib/python3.12/site-packages/torch/nn/modules/module.py"", line 1739, in _wrapped_call_impl
    return self._call_impl(*args, **kwargs)
           ^^^^^^^^^^^^^^^^^^^^^^^^^^^^^^^^
  File ""/root/project/.venv/lib/python3.12/site-packages/torch/nn/modules/module.py"", line 1750, in _call_impl
    return forward_call(*args, **kwargs)
           ^^^^^^^^^^^^^^^^^^^^^^^^^^^^^
  File ""/.uv/python_install/cpython-3.12.0-linux-x86_64-gnu/lib/python3.12/contextlib.py"", line 81, in inner
    return func(*args, **kwds)
           ^^^^^^^^^^^^^^^^^^^
  File ""/root/project/cs336-basics/cs336_basics/transfromer/multiheads_attention.py"", line 183, in forward
    multi_head_attention = self._multiHead(x, token_positions)
                           ^^^^^^^^^^^^^^^^^^^^^^^^^^^^^^^^^^^
  File ""/.uv/python_install/cpython-3.12.0-linux-x86_64-gnu/lib/python3.12/contextlib.py"", line 81, in inner
    return func(*args, **kwds)
           ^^^^^^^^^^^^^^^^^^^
  File ""/root/project/cs336-basics/cs336_basics/transfromer/multiheads_attention.py"", line 119, in _multiHead
    multi_head_packed = self.attention_fn(Q_packed, K_packed, V_packed, is_causal=self.is_causal)
                        ^^^^^^^^^^^^^^^^^^^^^^^^^^^^^^^^^^^^^^^^^^^^^^^^^^^^^^^^^^^^^^^^^^^^^^^^^
  File ""/.uv/python_install/cpython-3.12.0-linux-x86_64-gnu/lib/python3.12/contextlib.py"", line 81, in inner
    return func(*args, **kwds)
           ^^^^^^^^^^^^^^^^^^^
  File ""/root/project/cs336-basics/cs336_basics/transfromer/scaled_dot_prod_attention.py"", line 55, in scaled_dot_product_attention
    softmax_qk = softmax(norm_qk, axis=-1)
                 ^^^^^^^^^^^^^^^^^^^^^^^^^
  File ""/root/project/cs336-basics/cs336_basics/transfromer/scaled_dot_prod_attention.py"", line 21, in softmax
    exp_x = torch.exp(input_stable)
            ^^^^^^^^^^^^^^^^^^^^^^^
torch.OutOfMemoryError: CUDA out of memory. Tried to allocate 384.00 MiB. GPU 0 has a total capacity of 23.56 GiB of which 81.69 MiB is free. Process 87582 has 328.00 MiB memory in use. Including non-PyTorch memory, this process has 23.14 GiB memory in use. Of the allocated memory 22.37 GiB is allocated by PyTorch, and 375.91 MiB is reserved by PyTorch but unallocated. If reserved but unallocated memory is large try setting PYTORCH_CUDA_ALLOC_CONF=expandable_segments:True to avoid fragmentation.  See documentation for Memory Management  (https://pytorch.org/docs/stable/notes/cuda.html#environment-variables)
"
scaled_dot_prod_attention,Pytorch DDP,0,3,51,8,0,0,0,0,0,0,"

-- Process 0 terminated with the following error:
Traceback (most recent call last):
  File ""/root/project/.venv/lib/python3.12/site-packages/torch/multiprocessing/spawn.py"", line 90, in _wrap
    fn(i, *args)
  File ""/root/project/cs336_systems/experiments/benchmark_lm_matrix.py"", line 248, in _ddp_worker
    pred = model(x)
           ^^^^^^^^
  File ""/root/project/.venv/lib/python3.12/site-packages/torch/nn/modules/module.py"", line 1739, in _wrapped_call_impl
    return self._call_impl(*args, **kwargs)
           ^^^^^^^^^^^^^^^^^^^^^^^^^^^^^^^^
  File ""/root/project/.venv/lib/python3.12/site-packages/torch/nn/modules/module.py"", line 1750, in _call_impl
    return forward_call(*args, **kwargs)
           ^^^^^^^^^^^^^^^^^^^^^^^^^^^^^
  File ""/root/project/.venv/lib/python3.12/site-packages/torch/nn/parallel/distributed.py"", line 1643, in forward
    else self._run_ddp_forward(*inputs, **kwargs)
         ^^^^^^^^^^^^^^^^^^^^^^^^^^^^^^^^^^^^^^^^
  File ""/root/project/.venv/lib/python3.12/site-packages/torch/nn/parallel/distributed.py"", line 1459, in _run_ddp_forward
    return self.module(*inputs, **kwargs)  # type: ignore[index]
           ^^^^^^^^^^^^^^^^^^^^^^^^^^^^^^
  File ""/root/project/.venv/lib/python3.12/site-packages/torch/nn/modules/module.py"", line 1739, in _wrapped_call_impl
    return self._call_impl(*args, **kwargs)
           ^^^^^^^^^^^^^^^^^^^^^^^^^^^^^^^^
  File ""/root/project/.venv/lib/python3.12/site-packages/torch/nn/modules/module.py"", line 1750, in _call_impl
    return forward_call(*args, **kwargs)
           ^^^^^^^^^^^^^^^^^^^^^^^^^^^^^
  File ""/root/project/cs336-basics/cs336_basics/lm.py"", line 244, in forward
    x = tf_block(x, token_positions=positions)
        ^^^^^^^^^^^^^^^^^^^^^^^^^^^^^^^^^^^^^^
  File ""/root/project/.venv/lib/python3.12/site-packages/torch/nn/modules/module.py"", line 1739, in _wrapped_call_impl
    return self._call_impl(*args, **kwargs)
           ^^^^^^^^^^^^^^^^^^^^^^^^^^^^^^^^
  File ""/root/project/.venv/lib/python3.12/site-packages/torch/nn/modules/module.py"", line 1750, in _call_impl
    return forward_call(*args, **kwargs)
           ^^^^^^^^^^^^^^^^^^^^^^^^^^^^^
  File ""/.uv/python_install/cpython-3.12.0-linux-x86_64-gnu/lib/python3.12/contextlib.py"", line 81, in inner
    return func(*args, **kwds)
           ^^^^^^^^^^^^^^^^^^^
  File ""/root/project/cs336-basics/cs336_basics/transfromer/transformer.py"", line 99, in forward
    x = x + self.MHA(
            ^^^^^^^^^
  File ""/root/project/.venv/lib/python3.12/site-packages/torch/nn/modules/module.py"", line 1739, in _wrapped_call_impl
    return self._call_impl(*args, **kwargs)
           ^^^^^^^^^^^^^^^^^^^^^^^^^^^^^^^^
  File ""/root/project/.venv/lib/python3.12/site-packages/torch/nn/modules/module.py"", line 1750, in _call_impl
    return forward_call(*args, **kwargs)
           ^^^^^^^^^^^^^^^^^^^^^^^^^^^^^
  File ""/.uv/python_install/cpython-3.12.0-linux-x86_64-gnu/lib/python3.12/contextlib.py"", line 81, in inner
    return func(*args, **kwds)
           ^^^^^^^^^^^^^^^^^^^
  File ""/root/project/cs336-basics/cs336_basics/transfromer/multiheads_attention.py"", line 183, in forward
    multi_head_attention = self._multiHead(x, token_positions)
                           ^^^^^^^^^^^^^^^^^^^^^^^^^^^^^^^^^^^
  File ""/.uv/python_install/cpython-3.12.0-linux-x86_64-gnu/lib/python3.12/contextlib.py"", line 81, in inner
    return func(*args, **kwds)
           ^^^^^^^^^^^^^^^^^^^
  File ""/root/project/cs336-basics/cs336_basics/transfromer/multiheads_attention.py"", line 119, in _multiHead
    multi_head_packed = self.attention_fn(Q_packed, K_packed, V_packed, is_causal=self.is_causal)
                        ^^^^^^^^^^^^^^^^^^^^^^^^^^^^^^^^^^^^^^^^^^^^^^^^^^^^^^^^^^^^^^^^^^^^^^^^^
  File ""/.uv/python_install/cpython-3.12.0-linux-x86_64-gnu/lib/python3.12/contextlib.py"", line 81, in inner
    return func(*args, **kwds)
           ^^^^^^^^^^^^^^^^^^^
  File ""/root/project/cs336-basics/cs336_basics/transfromer/scaled_dot_prod_attention.py"", line 44, in scaled_dot_product_attention
    norm_qk = einsum(key, query, ""... seq_k d_k, ... seq_q d_k -> ... seq_q seq_k"") / torch.sqrt(torch.tensor(key.shape[-1], device=query.device))
              ~~~~~~~~~~~~~~~~~~~~~~~~~~~~~~~~~~~~~~~~~~~~~~~~~~~~~~~~~~~~~~~~~~~~~~^~~~~~~~~~~~~~~~~~~~~~~~~~~~~~~~~~~~~~~~~~~~~~~~~~~~~~~~~~~~~~
torch.OutOfMemoryError: CUDA out of memory. Tried to allocate 384.00 MiB. GPU 0 has a total capacity of 23.56 GiB of which 355.69 MiB is free. Process 87582 has 328.00 MiB memory in use. Including non-PyTorch memory, this process has 22.88 GiB memory in use. Of the allocated memory 21.98 GiB is allocated by PyTorch, and 501.72 MiB is reserved by PyTorch but unallocated. If reserved but unallocated memory is large try setting PYTORCH_CUDA_ALLOC_CONF=expandable_segments:True to avoid fragmentation.  See documentation for Memory Management  (https://pytorch.org/docs/stable/notes/cuda.html#environment-variables)
"
vectorized_torch,Local No DDP,1,3,51,8,8,408,240.417,80.139,5213.3,20003.3,
vectorized_torch,Naive DDP,2,3,51,16,8,816,341.302,113.767,7344.7,20005.0,
vectorized_torch,Bucketed Overlapping DDP,2,3,51,16,8,816,325.285,108.428,7706.3,20739.3,
vectorized_torch,Pytorch DDP,0,3,51,8,0,0,0,0,0,0,"

-- Process 1 terminated with the following error:
Traceback (most recent call last):
  File ""/root/project/.venv/lib/python3.12/site-packages/torch/multiprocessing/spawn.py"", line 90, in _wrap
    fn(i, *args)
  File ""/root/project/cs336_systems/experiments/benchmark_lm_matrix.py"", line 302, in _ddp_worker
    dist.destroy_process_group()
  File ""/root/project/.venv/lib/python3.12/site-packages/torch/distributed/distributed_c10d.py"", line 2146, in destroy_process_group
    _shutdown_backend(pg_to_shutdown)
  File ""/root/project/.venv/lib/python3.12/site-packages/torch/distributed/distributed_c10d.py"", line 1815, in _shutdown_backend
    backend._shutdown()
torch.distributed.DistBackendError: NCCL error in: /pytorch/torch/csrc/distributed/c10d/NCCLUtils.cpp:133, unhandled cuda error (run with NCCL_DEBUG=INFO for details), NCCL version 2.21.5
ncclUnhandledCudaError: Call to CUDA function failed.
Last error:
Cuda failure 'out of memory'
"
flash_attention_triton,Local No DDP,1,3,51,8,8,408,236.075,78.692,5309.2,20003.9,
flash_attention_triton,Naive DDP,2,3,51,16,8,816,306.124,102.041,8188.7,20004.7,
flash_attention_triton,Bucketed Overlapping DDP,2,3,51,16,8,816,298.494,99.498,8398.0,20745.0,
flash_attention_triton,Pytorch DDP,2,3,51,16,8,816,293.797,97.932,8532.3,20731.4,
